Workbook

Sheet 總覽
B2: C# .NET 學習進度打卡表
B4: 開始日期(週一) | C4: 46293 | D4: ← 可修改;預定日期自動跳過週末
B5: 每日預計時數 | C5: 3.5 | D5: ← 可修改;預計時數自動更新
B7: 整體進度
B8: 完成天數 | C8: =COUNTIF(每日打卡!$H$2:$H$101,"✔") -> 4
B9: 總天數 | C9: =COUNTA(每日打卡!$A$2:$A$101) -> 100
B10: 完成率 | C10: =IFERROR(C8/C9,0) -> 0.04
B11: 累計實際時數 | C11: =SUM(每日打卡!$J$2:$J$101) -> 8.5
B12: 預計總時數 | C12: =SUM(每日打卡!$I$2:$I$101) -> 350
B13: 已通過週驗收 | C13: =COUNTIF(週驗收!$D$2:$D$21,"✔")&" / 20" -> 0 / 20
B14: 預計完成日期 | C14: =MAX(每日打卡!$G$2:$G$101) -> 46430
B16: 各階段進度
B17: 階段 | C17: 週次 | D17: 完成天數 | E17: 總天數 | F17: 完成率
B18: 0 C#基礎 | C18: 第 1–2 週 | D18: =COUNTIFS(每日打卡!$D$2:$D$101,B18,每日打卡!$H$2:$H$101,"✔") -> 4 | E18: =COUNTIF(每日打卡!$D$2:$D$101,B18) -> 10 | F18: =IFERROR(D18/E18,0) -> 0.4
B19: 1 SQL與Dapper | C19: 第 3–4 週 | D19: =COUNTIFS(每日打卡!$D$2:$D$101,B19,每日打卡!$H$2:$H$101,"✔") -> 0 | E19: =COUNTIF(每日打卡!$D$2:$D$101,B19) -> 10 | F19: =IFERROR(D19/E19,0) -> 0
B20: 2 Web API | C20: 第 5–7 週 | D20: =COUNTIFS(每日打卡!$D$2:$D$101,B20,每日打卡!$H$2:$H$101,"✔") -> 0 | E20: =COUNTIF(每日打卡!$D$2:$D$101,B20) -> 15 | F20: =IFERROR(D20/E20,0) -> 0
B21: 3 認證與進階 | C21: 第 8–9 週 | D21: =COUNTIFS(每日打卡!$D$2:$D$101,B21,每日打卡!$H$2:$H$101,"✔") -> 0 | E21: =COUNTIF(每日打卡!$D$2:$D$101,B21) -> 10 | F21: =IFERROR(D21/E21,0) -> 0
B22: 4 前後端整合 | C22: 第 10–11 週 | D22: =COUNTIFS(每日打卡!$D$2:$D$101,B22,每日打卡!$H$2:$H$101,"✔") -> 0 | E22: =COUNTIF(每日打卡!$D$2:$D$101,B22) -> 10 | F22: =IFERROR(D22/E22,0) -> 0
B23: 5 讀實戰專案 | C23: 第 12–13 週 | D23: =COUNTIFS(每日打卡!$D$2:$D$101,B23,每日打卡!$H$2:$H$101,"✔") -> 0 | E23: =COUNTIF(每日打卡!$D$2:$D$101,B23) -> 10 | F23: =IFERROR(D23/E23,0) -> 0
B24: 6 專案B | C24: 第 14–19 週 | D24: =COUNTIFS(每日打卡!$D$2:$D$101,B24,每日打卡!$H$2:$H$101,"✔") -> 0 | E24: =COUNTIF(每日打卡!$D$2:$D$101,B24) -> 30 | F24: =IFERROR(D24/E24,0) -> 0
B25: 7 驗收 | C25: 第 20 週 | D25: =COUNTIFS(每日打卡!$D$2:$D$101,B25,每日打卡!$H$2:$H$101,"✔") -> 0 | E25: =COUNTIF(每日打卡!$D$2:$D$101,B25) -> 5 | F25: =IFERROR(D25/E25,0) -> 0
B27: 使用說明
B28: • 黃底儲存格為需要你填寫的欄位,其餘為公式,請勿覆蓋。
B29: • 每天學完:在「每日打卡」H 欄選 ✔、J 欄填實際時數、K 欄寫心得。範例:✔ / 3.5 / 卡在 LINQ GroupBy,查 MS Learn 後解決。
B30: • 每週五:到「週驗收」對照標準,通過才打 ✔。沒通過就用週末補,不要硬往下走。
B31: • 落後超過 1 週:不壓縮後面階段,直接改 C4 的開始日期順延。
B32: • 每日結構:讀 1 hr + 做 2 hr + 記筆記 0.5 hr(預計 3.5 hr;範圍 3–4 hr)。
B33: • 規則:階段 7 驗收時不使用 AI,只查官方文件與搜尋引擎。

Sheet 每日打卡
A1: 序號 | B1: 週 | C1: 星期 | D1: 階段 | E1: 主題 | F1: 練習/產出 | G1: 預定日期 | H1: 完成 | I1: 預計時數 | J1: 實際時數 | K1: 卡關/心得筆記
A2: 1 | B2: 1 | C2: 一 | D2: 0 C#基礎 | E2: 開發環境、變數、型別、運算式 | F2: Console 計算機 | G2: =WORKDAY(總覽!$C$4,A2-1) -> 46293 | H2: ✔ | I2: =總覽!$C$5 -> 3.5 | J2: 2.5 | K2: 必須使用雙引號 在 C# 中，文字必須始終以雙引號"（）包圍。 單引號（'）無法用於文字。 務必使用直引號（），"不要用彎曲引號。 分號很重要 請注意行尾的分號（;）。 在 C# 中，每個指令都必須以分號結尾。 它會告訴電腦你已經輸入完指令。 Console.Write（） 與 Console.WriteLine（） Console.WriteLine() 在結尾加行分隔，將下一個輸出移至新行 Console.Write() 列印到目前行且不加換行 一個必須記住的重要規則是，即使使用者輸入數字，也必須Console.ReadLine()回傳文字（字串）。 當你為 var 變數指派值時，C# 會根據該值自動判定其資料型別 與其他一些語言不同，C# 是一種 強型別 語言。 這表示一旦你宣告變數為某個類型，它只能保留該類型的值 位置很重要：前置遞增與後置遞增 和 運算子的行為會因其出現在變數--或++而有所不同： - 後置遞增（value++）：先使用目前值，再遞增 - 預遞增 （++value）：先進行遞增，然後使用新值 另一種將字串轉換為數字的方法如下 Parse 錢用 decimal,其他用 double。
A3: 2 | B3: 1 | C3: 二 | D3: 0 C#基礎 | E3: 流程控制、陣列、List<T>、Dictionary | F3: 成績統計 | G3: =WORKDAY(總覽!$C$4,A3-1) -> 46294 | H3: ✔ | I3: =總覽!$C$5 -> 3.5 | J3: 1.5
A4: 3 | B4: 1 | C4: 三 | D4: 0 C#基礎 | E4: 方法、參數、回傳值、string 操作 | F4: 字串處理工具 | G4: =WORKDAY(總覽!$C$4,A4-1) -> 46295 | H4: ✔ | I4: =總覽!$C$5 -> 3.5 | J4: 3 | K4: 缺字串處理工具
A5: 4 | B5: 1 | C5: 四 | D5: 0 C#基礎 | E5: class、屬性、建構子、存取修飾詞 | F5: 設計 Student 類別 | G5: =WORKDAY(總覽!$C$4,A5-1) -> 46296 | H5: ✔ | I5: =總覽!$C$5 -> 3.5 | J5: 1.5
A6: 5 | B6: 1 | C6: 五 | D6: 0 C#基礎 | E6: 複習 + 小作業 | F6: 通訊錄(記憶體版) | G6: =WORKDAY(總覽!$C$4,A6-1) -> 46297 | I6: =總覽!$C$5 -> 3.5
A7: 6 | B7: 2 | C7: 一 | D7: 0 C#基礎 | E7: interface、繼承、多型 | F7: 為通訊錄抽出介面 | G7: =WORKDAY(總覽!$C$4,A7-1) -> 46300 | I7: =總覽!$C$5 -> 3.5
A8: 7 | B8: 2 | C8: 二 | D8: 0 C#基礎 | E8: LINQ(Where/Select/OrderBy/GroupBy) | F8: 用 LINQ 重寫統計 | G8: =WORKDAY(總覽!$C$4,A8-1) -> 46301 | I8: =總覽!$C$5 -> 3.5
A9: 8 | B9: 2 | C9: 三 | D9: 0 C#基礎 | E9: nullable、DateTime、enum、例外處理 | F9: 加入驗證與錯誤處理 | G9: =WORKDAY(總覽!$C$4,A9-1) -> 46302 | I9: =總覽!$C$5 -> 3.5
A10: 9 | B10: 2 | C10: 四 | D10: 0 C#基礎 | E10: async/await、檔案讀寫、JSON 序列化 | F10: 通訊錄存成 JSON 檔 | G10: =WORKDAY(總覽!$C$4,A10-1) -> 46303 | I10: =總覽!$C$5 -> 3.5
A11: 10 | B11: 2 | C11: 五 | D11: 0 C#基礎 | E11: 階段驗收 | F11: 不看資料獨立完成 Console 小程式 | G11: =WORKDAY(總覽!$C$4,A11-1) -> 46304 | I11: =總覽!$C$5 -> 3.5
A12: 11 | B12: 3 | C12: 一 | D12: 1 SQL與Dapper | E12: 安裝 SSMS、建資料庫與資料表、資料型別 | F12: 建 Todo、User 兩張表 | G12: =WORKDAY(總覽!$C$4,A12-1) -> 46307 | I12: =總覽!$C$5 -> 3.5
A13: 12 | B13: 3 | C13: 二 | D13: 1 SQL與Dapper | E13: SELECT/INSERT/UPDATE/DELETE、WHERE | F13: 對 Todo 做 CRUD 語法 | G13: =WORKDAY(總覽!$C$4,A13-1) -> 46308 | I13: =總覽!$C$5 -> 3.5
A14: 13 | B14: 3 | C14: 三 | D14: 1 SQL與Dapper | E14: JOIN、GROUP BY、聚合函數 | F14: 查每位使用者的待辦數 | G14: =WORKDAY(總覽!$C$4,A14-1) -> 46309 | I14: =總覽!$C$5 -> 3.5
A15: 14 | B15: 3 | C15: 四 | D15: 1 SQL與Dapper | E15: PK/FK/Index、稽核欄位設計 | F15: 讀 DBScript_StudentConduct.sql 前 5 張表 | G15: =WORKDAY(總覽!$C$4,A15-1) -> 46310 | I15: =總覽!$C$5 -> 3.5
A16: 15 | B16: 3 | C16: 五 | D16: 1 SQL與Dapper | E16: 分頁 OFFSET/FETCH、交易 BEGIN TRAN | F16: 寫一支分頁查詢 | G16: =WORKDAY(總覽!$C$4,A16-1) -> 46311 | I16: =總覽!$C$5 -> 3.5
A17: 16 | B17: 4 | C17: 一 | D17: 1 SQL與Dapper | E17: Dapper 安裝、Query<T>、QueryFirstOrDefault | F17: Console 專案連 DB 查資料 | G17: =WORKDAY(總覽!$C$4,A17-1) -> 46314 | I17: =總覽!$C$5 -> 3.5
... A101: 100 | B101: 20 | C101: 五 | D101: 7 驗收 | E101: 總驗收與檢討 | F101: 不使用 AI 完成,寫檢討 | G101: =WORKDAY(總覽!$C$4,A101-1) -> 46430 | I101: =總覽!$C$5 -> 3.5

Sheet 週驗收
A1: 週 | B1: 階段 | C1: 本週驗收標準 | D1: 完成 | E1: 完成日期 | F1: 備註
A2: 1 | B2: 0 C#基礎 | C2: 能寫出 class、集合與基本流程控制
A3: 2 | B3: 0 C#基礎 | C3: 不看資料寫出 class、interface、LINQ 查詢
A4: 3 | B4: 1 SQL與Dapper | C4: 能設計 3–5 張關聯資料表並寫 JOIN、分頁
A5: 4 | B5: 1 SQL與Dapper | C5: 能用 Dapper 完成分頁查詢與交易
A6: 5 | B6: 2 Web API | C6: 三層架構 Todo API 可執行
A7: 6 | B7: 2 Web API | C7: API 有 ViewModel、驗證、統一回傳、Swagger
A8: 7 | B8: 2 Web API | C8: 練習專案 A:Todo API 三層 + Swagger + 分頁 + 交易(1 天內可做出 CRUD)
A9: 8 | B9: 3 認證與進階 | C9: API 有 JWT 登入與角色控管
A10: 9 | B10: 3 認證與進階 | C10: 能記錄 log、上傳檔案、排程、寄信
A11: 10 | B11: 4 前後端整合 | C11: 前端可登入並操作待辦列表與表單
A12: 11 | B12: 4 前後端整合 | C12: 練習專案 A 前後端完整可用
A13: 12 | B13: 5 讀實戰專案 | C13: 能追蹤 FjuBase 與 RewardProposalService 的呼叫鏈
... A21: 20 | B21: 7 驗收 | C21: 不使用 AI,獨立完成新需求(銷過申請)
